{
    "n_0": [
        0.7673258291929961,
        0.26715285051614046,
        0.6147154164500535,
        -0.5401390846818686,
        -0.611229011323303,
        0.7236161031760275,
        -0.9586336202919483,
        0.8144793082028627,
        -0.5200432022102177,
        -0.7868244261480868,
        -0.7521880958788096,
        -0.2918120571412146,
        -0.3479209723882377,
        -0.601623316295445,
        -0.8185372725129128,
        0.04788832971826196,
        -0.8365266853943467,
        0.1015349649824202,
        -0.21814069617539644,
        0.6261314465664327,
        0.02418824750930071,
        0.9710498163476586,
        0.6262137391604483,
        -0.25006697699427605,
        0.7758275931701064,
        -0.16497047804296017,
        0.9816832016222179,
        -0.24990539764985442,
        0.22084291372448206,
        0.9538856837898493,
        -0.5775846065953374,
        0.4131181500852108,
        -0.005211453884840012,
        -0.5789476125501096,
        -0.8090084455907345,
        0.7373610828071833,
        -0.8175534373149276
    ],
    "n_1": [
        -0.2122179660387337,
        -0.06755622651427985,
        -0.6766015472821891,
        -0.5685081398114562,
        0.6952444422058761,
        -0.5832208595238626,
        0.8491848041303456,
        0.6059731333516538,
        -0.8892245949245989,
        -0.9880549353547394,
        0.054766352921724354,
        -0.9646294810809195,
        0.8215512819588184,
        -0.7292033480480313,
        0.9583588177338243,
        -0.3105785888619721,
        0.4954374870285392,
        0.09337372751906514,
        -0.5510142538696527,
        -0.11562180612236261,
        0.0009906268678605556,
        0.3942990358918905,
        0.9721540776081383,
        0.4776159846223891,
        -0.37883663456887007,
        -0.8660329794511199,
        0.8284128466621041,
        -0.39448734652251005,
        0.46150075970217586,
        0.9416356738656759,
        -0.8242979520000517,
        0.8038932494819164,
        -0.034549279138445854,
        -0.508911298122257,
        0.09963877219706774,
        0.6020022016018629,
        0.2682334971614182
    ],
    "n_2": [
        0.07884373096749187,
        -0.15992370307445483,
        -0.9914081045426428,
        -0.52398238517344,
        -0.2028192626312375,
        -0.7727380013093352,
        -0.8117327694781125,
        -0.9473480810411274,
        0.8554368983022869,
        0.6828584731556475,
        0.7700767804495996,
        0.7696240437217057,
        -0.5644487901590765,
        0.7080283551476896,
        0.37528068479150534,
        -0.2451632679440081,
        -0.07050647865980864,
        0.010729970410466194,
        0.7147765029221773,
        -0.3635831815190613,
        0.6298723784275353,
        0.8532096124254167,
        -0.42211033357307315,
        0.4031574409455061,
        -0.1249642507173121,
        0.09333227295428514,
        -0.8634260445833206,
        -0.4763143630698323,
        0.2392693441361189,
        -0.9871086687780917,
        -0.721172712277621,
        0.00012574531137943268,
        0.19301574397832155,
        -0.1570470491424203,
        -0.6588775282725692,
        -0.4941942193545401,
        0.6299562356434762
    ],
    "n_3": [
        -0.8131677028723061,
        0.2243531287088985,
        -0.16780655132606626,
        -0.01836403226479888,
        0.3551701712422073,
        0.7594512361101806,
        -0.3378176116384566,
        0.2728590085171163,
        0.4157766420394182,
        -0.9257043311372399,
        -0.209522018544376,
        0.08395937224850059,
        0.9300741921178997,
        0.8373120073229074,
        0.9876270587556064,
        -0.5320582748390734,
        0.5723492600955069,
        0.8950338722206652,
        -0.46085567213594913,
        -0.12485335394740105,
        0.5013071177527308,
        0.9923370634205639,
        -0.14214372308924794,
        -0.5827235020697117,
        0.14392038388177752,
        0.4253035127185285,
        -0.4178765844553709,
        0.6333339056000113,
        -0.14780867658555508,
        0.29170307144522667,
        0.6767455195076764,
        0.27988197514787316,
        -0.7153805736452341,
        -0.29943504370748997,
        0.8248609052971005,
        -0.3177837021648884,
        0.24737182073295116
    ]
}